﻿{
  "RabbitMQAdress": "172.16.76.200",
  "UserName": "admin",
  "PassWord": "admin",
  // "Port": "",
  // "AutomaticRecoveryEnabled": false,
  //"VirtualHost": "test",
  "Events": [
    {
      "EventName": "TestEvent",
      "ExchangeType": "fanout"
    }
  ],
  "Consumers": [
    {
      "EventName": "TestEvent",
      "ConsumerName": "TestEventQueue",
      "EventProcesser": ""
      //"Durable": true,
      //"Exclusive": false,
      //"AutoDelete": false
    }
  ]
}